id,timestamp,metric_name,metric_value,baseline_window,current_window,drift_detected,model_version
1,2026-06-04T18:54:21.979415,prediction_entropy,0.1138,2024-01-01/2024-01-07,2024-01-08/2024-01-14,False,v1.0
2,2026-06-04T11:54:21.979415,class_distribution_psi,0.6891,2024-01-01/2024-01-07,2024-01-08/2024-01-14,True,v1.1
3,2026-06-04T03:54:21.979415,class_distribution_psi,0.644,2024-01-01/2024-01-07,2024-01-08/2024-01-14,True,v1.1
4,2026-06-04T10:54:21.979415,confidence_mean,0.657,2024-01-01/2024-01-07,2024-01-08/2024-01-14,True,v1.0
5,2026-06-03T00:54:21.979415,confidence_std,0.892,2024-01-01/2024-01-07,2024-01-08/2024-01-14,True,v1.2
6,2026-06-04T18:54:21.979415,class_distribution_psi,0.7118,2024-01-01/2024-01-07,2024-01-08/2024-01-14,True,v1.0
7,2026-06-03T08:54:21.979415,confidence_mean,0.2876,2024-01-01/2024-01-07,2024-01-08/2024-01-14,False,v1.2
8,2026-06-04T12:54:21.979415,prediction_entropy,0.6355,2024-01-01/2024-01-07,2024-01-08/2024-01-14,True,v1.2
9,2026-06-02T21:54:21.979415,class_distribution_psi,0.0689,2024-01-01/2024-01-07,2024-01-08/2024-01-14,False,v1.2
10,2026-06-04T08:54:21.979415,severe_rate,0.4302,2024-01-01/2024-01-07,2024-01-08/2024-01-14,False,v1.2
11,2026-06-04T07:54:21.979415,severe_rate,0.1606,2024-01-01/2024-01-07,2024-01-08/2024-01-14,False,v1.2
12,2026-06-04T12:54:21.979415,confidence_mean,0.0527,2024-01-01/2024-01-07,2024-01-08/2024-01-14,False,v1.1
13,2026-06-03T16:54:21.979415,confidence_std,0.6209,2024-01-01/2024-01-07,2024-01-08/2024-01-14,True,v1.2
14,2026-06-03T01:54:21.979415,confidence_std,0.6265,2024-01-01/2024-01-07,2024-01-08/2024-01-14,True,v1.2
15,2026-06-04T10:54:21.979415,confidence_std,0.8931,2024-01-01/2024-01-07,2024-01-08/2024-01-14,True,v1.0
16,2026-06-03T13:54:21.979415,severe_rate,0.683,2024-01-01/2024-01-07,2024-01-08/2024-01-14,True,v1.0
17,2026-06-04T14:54:21.979415,class_distribution_psi,0.5467,2024-01-01/2024-01-07,2024-01-08/2024-01-14,False,v1.1
18,2026-06-04T20:54:21.979415,class_distribution_psi,0.417,2024-01-01/2024-01-07,2024-01-08/2024-01-14,False,v1.1
19,2026-06-04T18:54:21.979415,confidence_mean,0.4453,2024-01-01/2024-01-07,2024-01-08/2024-01-14,False,v1.2
20,2026-06-03T09:54:21.979415,class_distribution_psi,0.4297,2024-01-01/2024-01-07,2024-01-08/2024-01-14,False,v1.1
21,2026-06-04T06:54:21.979415,severe_rate,0.7451,2024-01-01/2024-01-07,2024-01-08/2024-01-14,True,v1.2
22,2026-06-03T19:54:21.979415,confidence_std,0.8962,2024-01-01/2024-01-07,2024-01-08/2024-01-14,True,v1.1
23,2026-06-04T11:54:21.979415,confidence_mean,0.6915,2024-01-01/2024-01-07,2024-01-08/2024-01-14,True,v1.1
24,2026-06-04T13:54:21.979415,prediction_entropy,0.7982,2024-01-01/2024-01-07,2024-01-08/2024-01-14,True,v1.1
25,2026-06-03T20:54:21.979415,confidence_std,0.9053,2024-01-01/2024-01-07,2024-01-08/2024-01-14,True,v1.2
26,2026-06-04T02:54:21.979415,confidence_mean,0.343,2024-01-01/2024-01-07,2024-01-08/2024-01-14,False,v1.2
27,2026-06-04T10:54:21.979415,confidence_std,0.7102,2024-01-01/2024-01-07,2024-01-08/2024-01-14,True,v1.2
28,2026-06-04T14:54:21.979415,class_distribution_psi,0.5318,2024-01-01/2024-01-07,2024-01-08/2024-01-14,False,v1.0
29,2026-06-04T11:54:21.979415,confidence_std,0.788,2024-01-01/2024-01-07,2024-01-08/2024-01-14,True,v1.0
30,2026-06-03T02:54:21.979415,prediction_entropy,0.8376,2024-01-01/2024-01-07,2024-01-08/2024-01-14,True,v1.2
31,2026-06-04T18:54:21.979415,class_distribution_psi,0.8133,2024-01-01/2024-01-07,2024-01-08/2024-01-14,True,v1.0
32,2026-06-03T20:54:21.979415,class_distribution_psi,0.4856,2024-01-01/2024-01-07,2024-01-08/2024-01-14,False,v1.2
33,2026-06-03T12:54:21.979415,confidence_mean,0.8568,2024-01-01/2024-01-07,2024-01-08/2024-01-14,True,v1.2
34,2026-06-03T23:54:21.979415,class_distribution_psi,0.0712,2024-01-01/2024-01-07,2024-01-08/2024-01-14,False,v1.1
35,2026-06-03T05:54:21.979415,confidence_mean,0.9457,2024-01-01/2024-01-07,2024-01-08/2024-01-14,True,v1.1
36,2026-06-03T19:54:21.979415,class_distribution_psi,0.5236,2024-01-01/2024-01-07,2024-01-08/2024-01-14,False,v1.0
37,2026-06-04T13:54:21.979415,class_distribution_psi,0.2041,2024-01-01/2024-01-07,2024-01-08/2024-01-14,False,v1.2
38,2026-06-04T00:54:21.979415,class_distribution_psi,0.5016,2024-01-01/2024-01-07,2024-01-08/2024-01-14,False,v1.1
39,2026-06-03T06:54:21.979415,class_distribution_psi,0.1553,2024-01-01/2024-01-07,2024-01-08/2024-01-14,False,v1.0
40,2026-06-03T23:54:21.979415,confidence_std,0.0795,2024-01-01/2024-01-07,2024-01-08/2024-01-14,False,v1.2
41,2026-06-03T15:54:21.979415,class_distribution_psi,0.131,2024-01-01/2024-01-07,2024-01-08/2024-01-14,False,v1.1
42,2026-06-04T07:54:21.979415,confidence_mean,0.407,2024-01-01/2024-01-07,2024-01-08/2024-01-14,False,v1.1
43,2026-06-03T18:54:21.979415,confidence_mean,0.6483,2024-01-01/2024-01-07,2024-01-08/2024-01-14,True,v1.2
44,2026-06-03T15:54:21.979415,prediction_entropy,0.3519,2024-01-01/2024-01-07,2024-01-08/2024-01-14,False,v1.0
45,2026-06-04T03:54:21.979415,class_distribution_psi,0.4857,2024-01-01/2024-01-07,2024-01-08/2024-01-14,False,v1.2
46,2026-06-03T16:54:21.979415,class_distribution_psi,0.9143,2024-01-01/2024-01-07,2024-01-08/2024-01-14,True,v1.1
47,2026-06-04T18:54:21.979415,class_distribution_psi,0.2675,2024-01-01/2024-01-07,2024-01-08/2024-01-14,False,v1.1
48,2026-06-04T06:54:21.979415,prediction_entropy,0.198,2024-01-01/2024-01-07,2024-01-08/2024-01-14,False,v1.1
49,2026-06-03T14:54:21.979415,prediction_entropy,0.1142,2024-01-01/2024-01-07,2024-01-08/2024-01-14,False,v1.0
50,2026-06-03T09:54:21.979415,severe_rate,0.5444,2024-01-01/2024-01-07,2024-01-08/2024-01-14,False,v1.1
